{"labels_3d": [0, 0, 0, 0, 0, 0, 0, 0, 0, 0], "scores_3d": [0.9750319123268127, 0.968176007270813, 0.9457360506057739, 0.8904551267623901, 0.8889731764793396, 0.7712068557739258, 0.7554473876953125, 0.7058888673782349, 0.5796064734458923, 0.44174179434776306], "bboxes_3d": [[14.758358001708984, -1.0538221597671509, -1.558962106704712, 3.7562527656555176, 1.6059751510620117, 1.558718204498291, -0.31309258937835693], [6.437827110290527, -3.8678975105285645, -1.7354443073272705, 3.1476027965545654, 1.4598556756973267, 1.4284149408340454, -0.2996708154678345], [8.1122465133667, 1.216967225074768, -1.6339889764785767, 3.6663286685943604, 1.5731128454208374, 1.5915477275848389, 2.8161821365356445], [20.169815063476562, -8.431066513061523, -1.6690773963928223, 2.3815901279449463, 1.5175892114639282, 1.5694243907928467, -0.3255056142807007], [33.45586395263672, -7.035797595977783, -1.3376076221466064, 4.214127540588379, 1.7446203231811523, 1.6696594953536987, 2.828476905822754], [55.62160873413086, -20.328805923461914, -1.377086877822876, 4.3704986572265625, 1.735974907875061, 1.706778883934021, 2.8503031730651855], [3.638275384902954, 2.7380869388580322, -1.6891671419143677, 3.720522403717041, 1.5819662809371948, 1.5178046226501465, -0.2304767370223999], [25.04045867919922, -10.15648078918457, -1.6325455904006958, 3.7389581203460693, 1.6085045337677002, 1.4840214252471924, -0.3298457860946655], [28.725322723388672, -1.5524876117706299, -1.2017264366149902, 3.6939051151275635, 1.5429328680038452, 1.5608958005905151, 1.241655945777893], [40.87090301513672, -9.748838424682617, -1.366836428642273, 3.8332815170288086, 1.6529909372329712, 1.5704309940338135, -0.2881653308868408]], "box_type_3d": "LiDAR"}